total fittness,top fitness,top relative,top genotype
375.5,31.25,0.08322237017310254,"[ 0.86518638 -0.23866204 -0.19705777  0.65926671 -0.53107833  0.63260616
  0.20067525 -0.84903703 -0.75015531]"
790.5,64.25,0.08127767235926629,"[ 0.71065035 -0.24643404 -0.17870015  0.67207888 -0.30168876  0.55791486
  0.12580861 -0.55271609 -1.02221272]"
864.25,70.25,0.08128435059299971,"[ 0.73875497 -0.32011206 -0.19432458  0.54671623 -0.30412491  0.40709676
  0.11529568 -0.57981975 -1.16549425]"
1110.25,70.75,0.06372438639945958,"[ 0.86923972 -0.25392136 -0.21877897  0.53727267 -0.39854862  0.45679761
  0.06124252 -0.59675555 -0.96386097]"
1465.75,87.25,0.059525840013644894,"[ 0.93036788 -0.29982681 -0.20186417  0.68267133 -0.30254415  1.03271957
  0.09781297 -0.53157348 -1.1588207 ]"
