avg_fit,avg_gene,top_fit,top_gene,elite_fit,elite_gene
1,[1. 1. 1. 1. 1. 1. 1. 1. 1.],1,[1. 1. 1. 1. 1. 1. 1. 1. 1.],1,[1. 1. 1. 1. 1. 1. 1. 1. 1.]
11.875,"[-0.0572951  -0.12329121 -0.08524831 -0.3015509   0.39150529 -0.06720326
  0.00989997  0.01459167 -0.31962337]",22.5,"[-0.59544437  0.41317081  0.57149146 -0.81653456  0.82932054 -0.65812278
 -0.99899644 -0.34425482 -0.95859823]",20.5,"[-0.2091805   0.24795024  0.63147864 -0.8446943   0.65226263  0.04157956
 -0.0215635  -0.57583091 -0.94422203]"
19.6875,"[-0.10989331  0.15649329  0.58692998 -0.81244142  0.65016084  0.46945248
  0.14792746 -0.71290004 -0.94384099]",23.5,"[-0.59544437  0.41317081  0.57149146 -0.81653456  0.82932054 -0.65812278
 -0.99899644 -0.34425482 -0.95859823]",23.0,"[-0.24294612  0.24366169  0.53822881 -0.76625592  0.70910728  0.00306996
 -0.10124485 -0.50641087 -1.03197612]"
24.375,"[-0.40961517  0.34300593  0.45517811 -0.7926963   0.73424898 -0.32330556
 -0.69156743 -0.39046121 -1.00648773]",33.5,"[-0.45931307  0.50166563  0.38850083 -0.54220175  0.74393951 -0.90389463
 -1.37267161 -0.30538234 -1.28892945]",30.75,"[-0.45816612  0.50485955  0.39396933 -0.72238323  0.75357044 -0.63601099
 -1.28418255 -0.31533483 -1.13157662]"
26.1875,"[-0.48386135  0.45489411  0.41893198 -0.87858818  0.753803   -0.53918106
 -1.14946023 -0.26495848 -0.967031  ]",33.0,"[-0.41344911  0.52557407  0.36192338 -0.67923178  1.02922824 -0.31237876
 -1.06046188 -0.12095123 -0.72020388]",31.75,"[-0.43241142  0.49719819  0.36368836 -0.79597368  0.86486705 -0.31545275
 -0.94134951 -0.19355826 -0.93436576]"
35.0625,"[-0.40203306  0.56001488  0.37526046 -0.78305577  0.81666035 -0.30035433
 -0.81309519 -0.20637697 -0.9509625 ]",38.5,"[-0.37020739  0.50399101  0.24190737 -0.80829545  0.74400536 -0.2632989
 -1.00893981 -0.24715416 -1.22324885]",38.25,"[-0.36653547  0.52756676  0.31293243 -0.74271075  0.84438264 -0.2918838
 -0.97602063 -0.17437123 -1.03026103]"
